Player Id,First Name,Last Name,Current Handle,Country Key
1000,Min Chul,Jang,MC,C_117
1001,Jae Duk,Lim,NesTea,C_117
1002,Jong Hyun,Jung,Mvp,C_117
1003,Sung Hoon,Choi,Polt,C_117
1004,Jung Hoon,Lee,MarineKing,C_117
1007,Sung Won,Moon,MMA,C_117
1009,Kang Ho,Hwang,LosirA,C_117
1011,Cho-Won,Kang,san,C_117
1014,Seung Chul,Kim,sCsC,C_117
1017,Hyun Woo,Byun,Byun,C_117
1018,Min Soo,Jung,Genius,C_117
1020,Chris,Loranger,HuK,C_037
1024,Hoon Jung,Ji,Jjakji,C_117
1025,Dong Nyung,Lee,Leenock,C_117
1029,Dong Won,Kim,Ryung,C_117
1030,Ji Sung,Choi,Bomber,C_117
1033,Lee Seok,Han,aLive,C_117
1034,Joon Sik,Yang,Alicia,C_117
1036,Kyo Seok,Hwang,KeeN,C_117
1037,Won Ki,Kim,FruitDealer,C_117
1049,Do Joon,Chae,Noblesse,C_117
1052,Dong Hwan,Kim,viOLet,C_117
1057,Soo Ho,Park,DongRaeGu,C_117
1061,Young Suh,Yoon,TaeJa,C_117
1064,Byung Jae,Koh,GuMiho,C_117
1070,Hyun Woo,Park,Squirtle,C_117
1076,Chia Cheng,Yang,Sen,C_045
1080,Hyun Woo,Jang,Creator,C_117
1081,Joong Hyuk,Cho,Dream,C_117
1082,Byung Hyun,Choi,YoDa,C_117
1086,Hyeon Deok,Song,HerO,C_117
1091,Tae Hoon,Kwon,Sniper,C_117
1094,Johan,Lucchesi,NaNiwa,C_217
1100,Jeffrey,Brusi,SjoW,C_217
1120,Kyung Deok,Kim,duckdeok,C_117
1123,Marcus,Ekl√∂f,ThorZaIN,C_217
1126,Sung Choo,Cho,Maru,C_117
1129,Ji Soo,Park,fOrGG,C_117
1132,Lee Sak,Won,PartinG,C_117
1134,Ki Soo,Han,CrazymoviNG,C_117
1135,Dong Hyun,Kang,Symbol,C_117
1158,Ilyes,Satouri,Stephano,C_075
1163,Rori,Bryant-Raible,CauthonLuck,C_241
1165,Dario,W¸nsch,TLO,C_084
1174,Ho Joon,Lee,PuMa,C_117
1175,Juan Carlos,Lopez,SpeCial,C_139
1219,Tyler,Blevins,Ninja,C_241
1225,Grzegorz,Komincz,MaNa,C_178
1227,Artur,Bloch,Nerchio,C_178
1233,Dennis,Schneider,HasuObs,C_084
1233,Dennis,Schneider,HasuObs,C_084
1236,Jin,Hui Cao,Jim,C_044
1239,Lei,Wang,XiGua,C_044
1244,Cong,Shu,StrifeCro,C_241
1257,Jens,Aasgaard,Snute,C_165
1280,Juan,Moreno Dur·n,VortiX,C_210
1285,Aleksandr,Svusuyk,Bly,C_233
1297,Hyo Jong,Kim,horror,C_117
1352,Li Wei,Sun,xiaOt,C_044
1426,Seok Hyun,Ko,HyuN,C_117
1429,Seung Hyun,Lee,Life,C_117
1430,Xiang,Hu,MacSed,C_044
1484,Wiktor,Wojtas,TaZ,C_178
1485,Filip,Kubski,neo,C_178
1488,Jaros?aw,Jarz?bkowski,pashaBiceps,C_178
1490,Patrik,Lindberg,f0rest,C_217
1492,Christopher,Alesund,GeT_RiGhT,C_217
1494,Mikhail,Stolyarov,Dosia,C_186
1505,Young Ho,Lee,Flash,C_117
1507,Jae Dong,Lee,Jaedong,C_117
1510,Ioann,Sukharev,Edward,C_233
1511,Daniil,Teslenko,Zeus,C_233
1853,Peter,Peng,Doublelift,C_241
1861,Bora,Kim,YellOwStaR,C_075
1863,Paul,Boyer,sOAZ,C_075
1892,Enrique,CedeÒo Martinez,xPeke,C_210
1949,Daryl Pei Xiang,Koh,iceiceice,C_203
2221,Dong Won,Shin,Hydra,C_117
2224,Tae Yang,Jun,TY,C_117
2230,Min Chul,Kim,Soulkey,C_117
2236,Dae Yeob,Kim,Stats,C_117
2268,Shin Hyung,Lee,INnoVation,C_117
2271,Doh Woo,Kim,Classic,C_117
2272,Yoo Jin,Kim,sOs,C_117
2274,Dong Jun,Baek,Dear,C_117
2280,Sasha,Hostyn,Scarlett,C_037
2339,Sebastian,Widlund,chipshajen,C_217
2440,Richard,Landstrˆm,Xizt,C_217
2450,Aleksi,Jalli,allu,C_073
2452,Finn,Andersen,karrigan,C_060
2455,Gabriel,Toledo,FalleN,C_025
2456,Lincoln,Lau,fnx,C_025
2484,Jordan,Gilbert,n0thing,C_241
2494,Dennis,Edman,dennis,C_217
2529,Christophe,Xia,SIXER,C_075
2574,Danil,Ishutin,Dendi,C_233
2576,Oleksandr,Dashkevych,XBOCT,C_233
2578,Clement,Ivanov,Puppey,C_068
2581,Zengrong,Lei,MMY!,C_044
2582,Zhicheng,Zhang,LaNm,C_044
2589,Rasmus,Fillipsen,MiSeRy,C_060
2594,Zhaohui,Wang,SanSheng,C_044
2596,Ning,Zhang,xiao8,C_044
2598,Fa Ming,Liang,DDC,C_129
2610,Clinton,Loomis,Fear,C_241
2615,Saahil,Arora,UNiVeRsE,C_241
2620,Marc,Schlappi,uThermal,C_151
2749,Chan Yong,Kang,Ambition,C_117
2762,Jung,Eon-yeong,Impact,C_117
2775,Hui Ming,Huang,TooDming,C_044
2795,Rickard,Bergman,SortOf,C_217
2805,Chris,Buechter,Zuna,C_241
2811,S√©bastien,Debs,Ceb,C_075
2833,Yao,Xiang,XY,C_044
2890,Hyun Woo,Kang,First,C_117
2989,Jason,Tran,WildTurtle,C_037
2992,Jake,Puchero,Xmithie,C_176
3041,Yoon Jong,Jung,Rain,C_117
3042,Joon Ho,Kim,herO,C_117
3091,Patrick,Brix,Bunny,C_060
3140,Joakim,Akterhall,Akke,C_217
3141,Jonathan,Berg,Loda,C_217
3145,Kuro,Takhasomi,KuroKy,C_084
3146,Zhihao,Chen,Hao,C_044
3147,Pan,Zhang,Mu,C_044
3151,Yee Fung,Chai,Mushi,C_132
3157,Zhilei,Xu,BurNIng,C_044
3160,Fan,Bai,rOtK,C_044
3161,Junhao,Xie,Super,C_044
3163,Jiajun,Liu,Sylar,C_044
3164,Zhengzheng,Yao,Yao,C_044
3167,Hock Chuan,Wong,ChuaN,C_132
3168,Hongda,Zeng,Faith,C_044
3176,Jong In,Kim,PraY,C_117
3177,Sang Ook,Yoo,Ryu,C_117
3178,Dong Bin,Go,Score,C_117
3255,Drew,Biessener,Tidesoftime,C_241
3256,Kurtis,Ling,Aui_2000,C_037
3287,Adam,Friberg,friberg,C_217
3289,Kenny,Schrub,kennyS,C_075
3290,Nathan,Schmitt,NBK,C_075
3291,Edouard,Dubourdeaux,SmithZz,C_075
3293,C√©dric,Guipouy,RpK,C_075
3304,Johan,Sundstein,N0tail,C_060
3305,Tal,Aizik,Fly,C_108
3371,June Tsan,Wang,Stanley,C_045
3372,Kuan Po,Sung,Lilballz,C_045
3373,Kurtis Wai Kin,Lau,Toyz,C_100
3374,Bo Wei,Cheng,bebe,C_045
3375,Hui Chung,Chen,MiSTakE,C_045
3384,Zhihao,Liu,Zzitai,C_044
3386,Kai,Ming,ClearLove,C_044
3387,Zhuojun,Feng,Fzzf,C_044
3435,Sung Ho,Cho,Trap,C_117
3441,Hee Bum,Shin,RagnaroK,C_117
3481,Yoon Su,Eu,soO,C_117
3482,Dylan,Bignet,aKm,C_075
3512,In Kyu,Choi,DanDy,C_117
3513,Seung Bin,Gu,imp,C_117
3518,Gabriel,Segat,HeRoMaRinE,C_084
3521,Seok Hee,Son,StarDust,C_117
3522,Jacky,Mao,EternaLEnVy,C_037
3523,Henrik,Ahnberg,AdmiralBulldog,C_217
3524,Gustav,Magnusson,s4,C_217
3554,Martin,Larsson,Rekkles,C_217
3555,Dennis,Johnsen,Svenskeren,C_060
3556,S√∏ren,Bjerg,Bjergsen,C_060
3576,Simon,Eliasson,twist,C_217
3586,Artem,Barshack,fng,C_034
3591,Keenan,Santos,Rhux,C_241
3613,Kevin,de Koning,Harstem,C_151
3616,Ji Won,Han,ByuL,C_117
3620,Ryung Woo,Park,Dark,C_117
3634,Kyung Sup,Yoon,Zero,C_117
3636,Jun Sik,Bae,Bang,C_117
3651,Tae Su,Bang,TRUE,C_117
3655,Ki Woong,Nam,Hurricane,C_117
3657,Min Soo,Kang,Solar,C_117
3664,Kyung Ho,Song,Smeb,C_117
3672,Lukas,Rossander,gla1ve,C_060
3673,Mathias,Lauridsen,MSL,C_060
3676,Dauren,Kystaubayev,AdreN,C_121
3678,Adil,Benrlitom,ScreaM,C_018
3679,Andreas,H¯jsleth,Xyp9x,C_060
3690,Adrian,Trinks,FATA,C_084
3724,Jerry,Lundqvist,EGM,C_217
3742,Maru,Kim,MaSa,C_037
3752,Tyler,Latham,Skadoodle,C_241
3769,Zachary,Scuderi,Sneaky,C_241
3773,Alexei,Berezin,Solo,C_186
3811,Tobias,Sieber,ShoWTimE,C_084
3813,Wang,Jiao,Banana,C_044
3818,Alex,Sunderhaft,Neeb,C_241
3822,Jesse,Vainikka,JerAx,C_073
3830,Se Hyeong,Cho,Mata,C_117
3831,Seong Ung,Bae,Bengi,C_117
3832,Sang Hyeok,Lee,Faker,C_117
3833,Gwang Jin,Chae,Piglet,C_117
3834,Jeong Hyeon,Lee,PoohManDu,C_117
3836,Jae Wan,Lee,Wolf,C_117
3842,Ji Hoon,Lee,Easyhoon,C_117
3843,Hyuk Kyu,Kim,Deft,C_117
3859,Alfonso,Aguirre Rodriguez,Mithy,C_210
3875,Jesper,Wecksell,JW,C_217
3878,Robin,Rˆnnquist,flusha,C_217
3881,Richard,Papillon,shox,C_075
3882,Ladislav,Kovacs,GuardiaN,C_233
3883,Peter,Rasmussen,dupreeh,C_060
3885,Nicolai,Reedtz,dev1ce,C_060
3888,Dan,Madesclaire,apEX,C_075
3889,Vincent,Schopenhauer,Happy,C_075
3946,Roman,Fominok,Resolut1on,C_233
3948,Karim,Benghalia,A√Ørwaks,C_056
3951,Chris,de Jong,chrisJ,C_151
3952,Johannes,Wodarz,tabseN,C_084
3998,Fabien,Fiey,KIOSHIMA,C_075
4027,Johan,≈strˆm,pieliedie,C_217
4028,Artour,Babaev,Arteezy,C_037
4030,Chao,Lu,Fenrir,C_044
4033,Linsen,Xu,fy,C_044
4038,Zihao,Jian,Uzi,C_044
4070,Byung Ryul,Lee,Rogue,C_117
4311,Will,Wierzba,Rush,C_241
4469,Beom Hyeon,Kang,GorillA,C_117
4473,Seo Haeng,Lee,kurO,C_117
4509,Won Seok,Heo,PawN,C_117
4574,Alexis,Eusebio,MarineLorD,C_075
4584,Marcin,Jankowski,Jankos,C_178
4587,Denis,Kostin,seized,C_186
4629,Hyeong Seok,Jang,Looper,C_117
4632,Yi Tang,Huang,Maple,C_045
4634,Shuo Jie,Hu,SwordArt,C_045
4674,Sung Wook,Joo,Zest,C_117
4712,Joon Hyuk,Kim,Impact,C_117
4742,Terence,Tarlier,SoOn,C_075
4747,Benjamin,Chevasson,unKOE,C_075
4883,Noah,Pyo,MP,C_117
4885,Yong Min,Kim,Febby,C_117
4888,Sunyeob,Kim,QO,C_117
4977,Ji Hyun,Jo,Patience,C_117
4996,Ren√®,Borg,cajunb,C_060
4997,Pawe?,Bieli?ski,byali,C_178
4998,Janusz,Pogorzelski,snax,C_178
5000,Freddy,Johansson,KRiMZ,C_217
5001,Olof,Kajbjer,olofmeister,C_217
5035,Philip,Aistrup,aizy,C_060
5194,Peter,Dager,ppd,C_241
5195,Ludwig,WÂhlberg,Zai,C_217
5221,Djardel Jicko,Mampusti,DJ,C_176
5238,Alberto,Gonzales Molinillo,neptuNo,C_210
5420,Yu Feng,Ke,Has,C_045
5433,Martin,Styk,STYKO,C_233
5472,Tom·ö,ä?astn˝,oskar,C_058
5483,H√•vard,Nygaard,rain,C_165
5499,Miikka,Kemppi,suNny,C_073
5513,Joona,Sotala,Serral,C_073
5783,Nikola,Kovac,NiKo,C_022
5812,Sanpett,Marat,FirstOne,C_221
6013,Eui Jin,Song,Rookie,C_117
6017,Han Saem,Kim,GimGoon,C_117
6023,Jae Hyun,Park,JaeHyun,C_117
6058,Han Wei,Su,xiye,C_044
6066,Taylor,Eder,Arthelon,C_241
6132,Jesper,Svenningsen,Zven,C_060
6180,Diego,Schwimer,Kelazhur,C_025
6466,Ho Seong,Lee,Duke,C_117
6472,Sung Joon,Jin,Mystic,C_117
6474,Gyeong Hwan,Jang,MaRin,C_117
6565,Kun,Fang,iDream,C_044
6633,Petter,Freyschuss,Hj√§rnan,C_217
7139,Jeffrey,Shih,Trump,C_241
7208,Guo,Jiayi,Gemini,C_044
7398,Jan,Palys,Ek0p,C_084
7400,Janne,Mikkonen,Savjz,C_073
7405,Lawrence,Harper,Atheroangel,C_236
7517,Thijs,Molendijk,Thijs,C_151
7520,Sebastian,Engwall,Ostkaka,C_217
7525,Sebastian,Bentert,Xixo,C_084
7789,Oscar,CaÒellas,mixwell,C_210
7891,Julian,Brosig,Lambo,C_084
7992,David,Moschetto,Lilbow,C_075
7995,Zhou,Hang,iAsonu,C_044
7999,Doh Wook,Kim,Cure,C_117
8168,Egor,Vasilyev,flamie,C_186
8169,Alexander,Kostylev,s1mple,C_233
8321,Petar,Stevanovic,Gaara,C_084
8376,Jason,Chan,Amaz,C_100
8377,Dima,Radu,Rdu,C_185
8570,ThÈo,FreydiËre,PtitDrogo,C_075
8635,Nick,Cannella,nitr0,C_241
8651,Zdravec,Gulubov,Hylissang,C_031
8706,Nicolaj,Jensen,Jensen,C_060
8770,Yang,Tong,Koro1,C_044
8924,Luka,Perkovi?,PerkZ,C_055
8931,Dong Ha,Kim,Khan,C_117
8936,Dae Han,Gi,Expect,C_117
8968,Damian,Kis?owski,Furlan,C_178
9514,Marcus,Hoelgaard,Ace,C_060
9515,Andreas,Nielsen,Cr1t,C_060
9565,Alexandre,Pianaro,bodyy,C_075
9839,David,Tan,MoonMeander,C_037
9840,Josh,Choi,bkid,C_241
9886,Aleksandr,Malsh,Kolento,C_233
9916,Nutdanai,Rungruang,MrSunz,C_221
10074,Yongzheng,He,Inflame,C_044
10080,Liangzhi,Hu,KaKa,C_044
10134,Karol,Rodowicz,rallen,C_178
10188,Lu,Yao,Somnus‰∏∂M,C_044
10191,Rustem,Tlepov,mou,C_113
10294,Alex,McMeekin,ALEX,C_236
10470,Martin,Hansen,Wunder,C_060
10605,Jung Soo,Kim,Surrender,C_117
10627,Damian,Steele,daps,C_037
10629,Keith,Markovic,NAF,C_037
10630,Tarik,Celik,tarik,C_241
10711,Zhou,Yang,bLink,C_044
10712,Zhang,Yiping,y`,C_044
10718,Xinzhou,Liu,garder,C_044
10722,Xu,Han,Moogy,C_044
10736,Markus,Kjaerbye,Kjaerbye,C_060
10750,Joona,Laine,fragi,C_073
10925,Jo,Yong-in,CoreJJ,C_117
10950,Adrian,Koy,Lifecoach,C_084
10995,Chayut,Suebka,007x,C_221
11132,Wei Lin,Chen,tom60229,C_045
11154,Hau Hsuan,Hung,Karsa,C_045
11221,Zhen,Wei,GodV,C_044
11233,Isaac,Charles,Boombox,C_236
11418,Miko≈Çaj,Ogonowski,Elazer,C_178
11483,Peter,Jarguz,stanislaw,C_037
11584,James,Kostesich,Firebat,C_241
11589,Eugene,Shumilin,Neirea,C_233
11612,Mads,Brock-Pedersen,Broxah,C_060
11698,Shi Yu,Liu,Mlxg,C_044
11722,Ilya,Ilyuk,Lil,C_233
11747,Martin,Rugh,Crozzby,C_060
11780,Seb,Barton,numlocked,C_236
11788,Jonathan,Jablonowski,ELiGE,C_241
11868,Zezhi,Chen,Xz,C_044
11897,David,Caero,Dog,C_241
11920,Dob,Engstrˆm,QuackNiix,C_217
11933,Mihael,Mehle,Mikyx,C_206
11938,Timothy,Ta,autimatic,C_241
12075,Keiwan,Itakura,k1,C_241
12083,Xiao,Feng,Icefox,C_044
12107,Hyun Soo,Cho,Flurry,C_117
12108,Baek,Hak Jun,Kranich,C_117
12110,Xieyu,Wang,Tiddler Celestial,C_044
12133,Lasse,Urpalainen,Matumbaman,C_073
12141,Bo,Li,LiBo,C_044
12156,HaoWen,Xu,somebody,C_044
12169,Fernando,Alvarenga,fer,C_025
12170,Henrique,Teles,hen1,C_025
12173,Jo√£o,Vasconcellos,felps,C_025
12179,Ricardo,Prass,boltz,C_025
12182,Marcelo,David,coldzera,C_025
12183,Epit√°cio,de Melo,TACO,C_025
12186,Min Ho,Lee,Crown,C_117
12241,Komklit,Wongsawat,O7T-V1,C_221
12389,Nils,Gebhardt,Nurok,C_084
12396,Christoph,Gowitzke,Cris,C_084
12466,Rasmus,Winther,Caps,C_060
12579,Ivan,Ivanov,MinD_ContRoL,C_031
12663,Ye,Tian,Meiko,C_044
12671,Bin,Fu,Q,C_044
12672,Zheng,Sun,Agressif,C_044
12784,Tue Soon,Chuan,Ah-fu,C_132
12793,Jeffrey,Liu,Tarei,C_241
12859,Jonas,Olofsson,Lekr0,C_217
12917,Hunter,Winn,hwinn,C_241
13080,Aliwi,Omar,w33,C_185
13134,Can,Dˆrtkardes,XANTARES,C_228
13185,Yu Hao,Chen,Mouse,C_044
13186,Chang Yu,Ke,957,C_044
13322,Pavel,Khvastunov,9pasha,C_186
13323,Vladimir,Minenko,Noone,C_233
13853,Ji Won,Seo,Stand1,C_117
13882,Jun Ze,Yan,letme,C_044
13968,Li,Heyang,Sword,C_044
14001,Matic,Mikec,Zarmony,C_206
14011,James,Baker,Bakery,C_236
14122,Lyubomir,Kozlovski,Splendour,C_031
14148,Keaton,Gill,Chakki,C_241
14151,Jon,Westberg,Orange,C_217
14196,Sumail,Hassan,SumaiL,C_171
14238,Peng,Li,iceice,C_044
14270,Shengyuan,Luo,Roger,C_045
14440,Adrian,WÛjcik,adrd,C_178
14528,Ricardo,Marques,DunkTrain,C_241
14529,John Paul,Lopez,KingCaffeine,C_241
14531,Mike,Fisk,Glaurung,C_241
14540,Huang,Min,Cyan,C_044
14549,Bohan,Zhang,Lovelychook,C_044
14564,Lizhong,Zhou,Misaka,C_044
14568,Hao,Pu,m,C_044
14570,Tianze,Chen,canjian,C_044
14599,Seong Jin,Lee,CuVee,C_117
14665,Seung Hoon,Heo,Huni,C_117
14671,Amer,Al-Barkawi,Miracle-,C_144
14672,Yazied,Jaradat,YapzOr,C_144
14768,Ivan,Kapustin,ubah,C_186
14972,Vilhem,Flennmark,POILK,C_217
15015,Riccardo,Romiti,Reynor,C_109
15114,Paul,Nemeth,Zalae,C_241
15426,Fan,Yang,Fan,C_241
15428,Stafford,Mcintyre,McIntyre,C_241
15431,Manny,Medina,Fury,C_241
15530,Damien,Chok,kpii,C_011
15602,Joshua,Bennett,Snitch,C_236
15615,Ole,Batyrbekov,Naiman,C_113
15703,Facu,Pruzzo,Nalguidan,C_010
15718,Jae Won,Lee,Rich,C_117
15724,Woon Sung,Kang,Ttsst,C_117
15735,Ben,Bunk,Cattlepillar,C_084
15748,Pontus,Sjogren,Breez,C_217
15750,Alexander,Milanov,ethernal,C_031
15751,Simon,Svensson,Schwimpi,C_217
15754,Jiwei,Huang,Shiki,C_044
15792,Wang Ho,Han,Peanut,C_117
15803,Stanislav,Cifka,StanCifka,C_058
16021,Tae Sang,Kim,doinb,C_117
16026,Frederik H√∏j,Nielsen,Hoej,C_060
16241,J√©rome,Trinh,JayPL,C_075
16252,Muzahidul,I.,Muzzy,C_241
16254,Ryan,Murphy-Root,Purple,C_037
16267,Denis,Sharipov,electroNic,C_186
16554,Patara,Bhatarabhirom,Cherie,C_221
16556,Sorawat,Boonphrom,Moss,C_221
16730,Zhihao,Wu,Tumi,C_044
16732,Tuo,Li,NccCc,C_044
16733,Lunhan,Kang,XingC,C_044
16800,Jakey,Yip,Stewie2k,C_241
16814,Roman,Kushnarev,RAMZES666,C_186
17101,Yuan Hao,Li,xiaohu,C_044
17103,Ren Jie,Xiang,Condi,C_044
17200,Kuku,Palad,KuKU,C_176
17263,Chen,Yuxiang,Breath,C_044
17271,Il Mook,Kang,handsomeguy,C_117
17274,Hyun Jae,Jang,Dawn,C_117
17402,Jing,Gu,Aloof,C_044
17414,Alexander,Grumstrup,AlexTheProG,C_060
17549,Jonathan,Gunnarsson,Wubby,C_217
17550,Ivan,Koturi?,Sportbilly,C_055
17622,Francois,Delaunay,Amanek,C_075
17765,Micha≈Ç,Jankowski,Nisha,C_178
17800,Emil,Reif,Magisk,C_060
17801,Valdemar,VangsÂ,Valde,C_060
17872,Haiyang,Zhou,Yang,C_044
17887,Pavel,Beltiukov,Pavel,C_186
18220,David,Hull,Moo,C_241
18456,Pakinai,Srivijarn,kSsA,C_221
18568,Jin Woo,Im,Reset,C_117
18569,Yeong Hwan,Jing,Hide,C_117
18570,Jung Hyeog,Lee,sake,C_117
18572,Jae Hun,Jin,Lockdown,C_117
18573,Tae Jun,Lee,merryday,C_117
18574,Jize,Song,sk,C_044
18797,Hanfei,Chen,Tiger,C_044
18811,Kristian,Wienecke,k0nfig,C_060
18897,Topias,Taavitsainen,Topson,C_073
18904,Sun Gu,Kang,Blank,C_117
19074,Martin,Sazdov,Saksa,C_234
19382,Chun,Song,Sccc,C_044
19422,Jing,Chen,Xuyu,C_044
19595,√ñzg√ºr,Eker,woxic,C_228
19597,Peinan,Li,TIME,C_044
19968,Won Ho,Jeong,KyoCha,C_117
20017,Gang Yun,Kim,Trick,C_117
20208,Xiangzhi,Zheng,melodyC,C_044
20415,Russel,Van Dulken,Twistzz,C_037
20516,Kyle,Belaiche,Prismaticism,C_037
20525,Francisco,Avalos,Goku,C_037
20604,Yu Yen,Su,GoDDog,C_045
20813,Aleksi,Virolainen,Aleksib,C_073
20908,Thomas,Cailleux,M√©n√®,C_075
20918,David,Shan,JustSaiyan,C_241
21212,Chattrakarn,Parichatkun,Erl2oR,C_221
21221,Ji Hoon,Yoon,Sign,C_117
21254,Simon,Raunholst,Crane,C_060
21291,Fredrik,Sterner,REZ,C_217
21419,Jiawei,Zhang,Kty,C_044
21426,Qian,Li,Qx,C_044
21427,Zhihao,Zhang,zZH,C_044
21541,Louis,Bremers,Mitsuhide,C_151
21629,Dong Wook,Lee,LokeN,C_117
21705,Jin Hwan,Kim,Magi,C_117
21709,Seong Min,Min,Darvish,C_117
21715,Stefen,Anderson,akaface,C_241
21718,Sammuel,Hua,bigempct,C_241
21719,Michael,Udall,MichaelUdall,C_241
21798,George,Gushcha,ShaDowBurn,C_186
21943,Niklas,Skogheim,Cursen,C_165
21950,Ren,Yangwei,eLeVeN,C_044
22207,Jianwei,Yap,xNova,C_132
22236,Filip,Liljestrˆm,Smexystyle,C_217
22243,Simon,Tabin,Darkmok,C_084
22244,Markus,Hanke,Blumbi,C_084
22276,Dylan,Mullins,Hotform,C_037
22550,Alexey,Barsukov,ShtanUdachi,C_186
23446,Chun Yu,Wu,Alphaluna,C_045
23558,Kacper,Kwieci?ski,A83650,C_178
23617,Dae Hyung,Lee,Hongcono,C_117
23618,Jeong Ha,Lee,Jeongha,C_117
23619,Ju Dam,Park,dami,C_117
23913,William,Barton,Amnesiac,C_241
24832,David,?er?ansk˝,frozen,C_233
24979,Ye Chan,Lee,Scout,C_117
25030,Jan,Janﬂen,SuperJJ,C_084
25039,Jin Su,Park,NachoJin,C_117
25047,Harrison,Chang,psalm,C_241
25047,Harrison,Chang,psalm,C_241
25121,Abay,Khasenov,HObbit,C_113
25335,Maroun,Merhej,GH,C_121
25597,Khalif,Hashim,Khroen,C_241
25983,George,Webb,BoarControl,C_236
26512,Chu,Zeyu,Shadow,C_044
26513,Zhang,Ruida,Faith_bian,C_044
26616,Jun,Jang,Jun,C_117
26665,Chunyu,Wang,Ame,C_044
26991,Jerome,Tanguay,KilluZiioN,C_037
26996,Thomas,Maguire,Tomster,C_241
27134,Yeik Nai,Zheng,MidOne,C_132
27366,Andreas,Karlsson,Nevix,C_217
27563,Timo,Kettunen,Taimou,C_073
27565,Jonathan,Rua,HarryHook,C_210
27588,Gabri√´l,Rau,Bwipo,C_018
27718,Bo Seong,Gwak,Bdd,C_117
27814,Marc Polo,Luis Fausto,Raven,C_176
27821,Lane,Roberts,Surefour,C_037
27953,Benjamin,Eekenulv,BadBenny,C_217
27955,Dominic,Asal,Nic,C_084
28107,Vladislav,Sinotov,SilverName,C_186
28142,Vladimir,Nikogosyan,RodjER,C_186
28238,Lin,Zheng,OmegaZero,C_044
28333,Artem,Kravets',DrHippi,C_233
28337,Raphael,Peltzer,BunnyHoppor,C_084
28356,Seung Won,Kim,Swoy,C_117
28390,Merek,Kangas,zugrug,C_037
28443,Scott,Kennedy,Custa,C_011
28465,Sang Hyeon,Baek,DDaHyoNi,C_117
28468,Euneil,JaviÒas,Staz,C_176
28489,Vincent,Cayonte,Brehze,C_241
28556,Maikil,Selim,Golden,C_217
28605,Jong Hoon,Park,Hooligan,C_117
28606,Jae Yeop,Jeong,Frankle,C_117
28607,Sung Hyun,Moon,Good,C_117
28734,Zhen Ning,Gao,Ning,C_044
28735,Sen Ming,Shi,Ming,C_044
28739,Jiaoyang,Zeng,Ori,C_044
28954,Jae Hyuk,Park,Ruler,C_117
29096,Wei Xiang,Lin,Lwx,C_044
29438,Anthony,Trevino,Ant,C_241
29441,Frank,Zhang,fr0zen,C_241
29443,Chandler,Gavran,Buds,C_241
29444,Justin,Gapp,Justing,C_241
29501,Yu Hung,Lu,Betty,C_045
29711,Ethan,Arnold,nahtE,C_241
29757,Joe,Gramano,Joemeister,C_037
29758,Jarom√≠r,Vyskoƒçil,Jarla,C_058
29787,Brian,Eason,bloodyface,C_241
29789,Edward,Goodwin,Gallon213,C_241
30003,Kevin,Eberlein,Casie,C_084
30162,Julien,Perrault-Harvey,Cydonia,C_037
30167,Francisco,Leimontas,PNC,C_010
30451,Anathan,Pham,ana,C_011
30452,Peng,Du,Monet,C_044
30547,Kenn √òster,Rasmussen,Zaelia,C_060
30561,Chris,Tsakopoulos,Fenomeno,C_088
30622,Cvetelin,Nikolov,CeRq,C_031
30684,Chengjun,Zhang,Paparazi,C_044
30686,Pan,Yi,Fade,C_044
30782,Timothy,Randrup,Tims,C_176
30870,Bin,Zhou,Jasonzhou,C_044
30871,-,-,XHope,C_044
31001,Mathieu,Herbaut,ZywOo,C_075
31016,Min Seung,Kang,Haru,C_117
31156,Se Yeon,Kim,Geguri,C_117
31327,Su Yong,Jeong,kAyle,C_117
31594,Robin,Kool,ropz,C_068
31831,Gu,Junfeng,Wind,C_044
31919,Jonas,Suovaara,Shaz,C_073
32000,Dong Jun,Kim,Rascal,C_117
32098,Brady,Girardi,Agilities,C_037
32172,Do Hyun,Kim,pine,C_117
32174,Yeon Oh,Hwang,Fl0w3R,C_117
32352,Torben,Wahl,Viper,C_084
32353,Chun Pong,Ng,Yulsic,C_100
32359,Edwin,Cook,HotMEOWTH,C_241
32363,Jerome,Faucher,Monsanto,C_037
32430,Weida,Lu,Diya,C_044
32505,Tae Seok,Oh,taeseok,C_117
32846,In Jae,Kim,EscA,C_117
32847,Je Hong,Ryu,Ryujehong,C_117
32848,Jin Mo,Yang,tobi,C_117
33381,Songyang,Zhao,Hamster,C_044
33382,Cheon Su,Kim,Che0nsu,C_117
33385,Liam,Simpson,Arcaner,C_011
33561,Shenyi,Yang,Chalice,C_044
33663,Tsz Kin,Lo,kin0531,C_100
33858,Thomas,Zimmer,Sintolol,C_084
33998,Joon Hyuk,Kim,zunba,C_117
34117,Joo Seok,Lee,Twilight,C_117
34118,Kyung Ho,Kim,Alarm,C_117
34123,Ji Hyuk,Kim,birdring,C_117
34125,Byung Ho,Lee,Panker,C_117
34131,Joong Hwa,Song,janus,C_117
34132,Tae Hong,Kim,Mek0,C_117
34133,Jong Yeol,Park,Saebyeolbe,C_117
34159,Hyo Jong,Kim,Haksal,C_117
34175,Jay,Won,sinatraa,C_241
34362,Wen Bo,Yu,JackeyLove,C_044
34363,Liu Yi,Wang,Baolan,C_044
34401,Gael,Gouzerch,Poko,C_075
34701,Dong Gyu,Kim,Mano,C_117
34712,Seong Hyeon,Yang,Luffy,C_117
35048,Sebastian,Berendt,BALLOC,C_060
35077,Ali,Dzhami,Jame,C_186
35121,Matthew,DeLisi,super,C_241
35349,Jin Hyeok,Yang,DDing,C_117
35351,Seung Tae,Choi,Bdosin,C_117
35356,Jo√£o Pedro,Telles,Hydration,C_025
35378,Timur,Tulepov,Buster,C_113
35563,Grant,Espe,Moth,C_241
35958,Th√©o,Dumont,Felkeine,C_075
36696,Kawee,Wachiraphas,MeMarkz,C_221
36781,Benjamin,Isohanni,BigG00se,C_073
36791,Seung Joon,Lee,Whoru,C_117
36795,Indy,Halpern,SPACE,C_241
36818,David,Acosta,killinallday,C_241
36882,Kyeon Bo,Kim,GodsB,C_117
36883,Hyo Bin,Choi,ChoiHyoBin,C_117
36884,Da Un,Jeong,NoSmite,C_117
36889,Chang Hoon,Gye,r0ar,C_117
36891,Yeon Joon,Hong,ArK,C_117
37062,-,-,DocPwn,C_037
37063,Tsu Lin,Tsao,SamuelTsao,C_045
37259,Vatcharanan,Thaworn,Summer,C_221
37261,Sorawichaya,Mahavanakul,Isilindilz,C_221
37322,Jang Hyeon,Hwang,TiZi,C_117
37325,Jun Ho,Kim,Fury,C_117
37330,Pan Seung,Koo,FaTe,C_117
37331,Min Seong,Bae,diem,C_117
37332,Won Sik,Jung,Closer,C_117
37341,Min-hyuk,Choi,Michelle,C_117
37385,Hye Sung,Kim,Libero,C_117
37389,Jong Seok,Kim,NUS,C_117
37395,Joon,Jeong,Erster,C_117
37493,Byeong Seon,Kim,Fleta,C_117
37497,Jae Hyeok,Lee,Carpe,C_117
37501,Choong Hui,Lee,Stitch,C_117
37502,Sang Beom,Park,BUMPER,C_117
37635,Jae Hee,Hong,Gesture,C_117
37636,Joon Yeong,Park,Profit,C_117
37637,Dong Eun,Lee,Hooreg,C_117
37638,Hyeon Woo,Jo,HagoPeun,C_117
37699,Ding,Zhuo,Knight,C_044
37918,Ha Gwon,Jang,Nuguri,C_117
37996,Simon,Ekstr√∂m,snillo,C_217
38125,Turner,Tenney,Tfue,C_241
38403,Mihai,Dragalin,languagehacker,C_037
38456,Valentin,Vasilev,poiz0n,C_031
38798,-,-,Trunks,C_044
38902,Hyun Tae,Kim,SDE,C_117
38995,Ho Jin,Park,IDK,C_117
39166,Dong Geun,Kang,TheShy,C_117
39487,Casper,Notto,Hunterace,C_165
39608,Alexey,Golubev,Qikert,C_113
39790,Yeon Kwan,Jeong,Nenne,C_117
39792,Hong Joon,Choi,HOTBA,C_117
39822,-,-,Qmccc,C_044
39850,Tyler,Hoang Nguyen,Tylerootd,C_151
39983,Kaan,«ekli,Fujitora,C_228
39996,Sean,Henderson,ta1yo,C_112
40001,Cedrik,Lessard,DrasseL,C_037
40107,Jun Woo,Kang,Void,C_117
40108,Gui Un,Jang,Decay,C_117
40110,Min Ho,Park,Architect,C_117
40261,Nam Joo,Kwon,Striker,C_117
40385,Hyeon Woo,Choi,JJANU,C_117
40620,Josh,Corona,Eqo,C_108
41044,Tian Liang,Gao,Tian,C_044
41209,Geon Hee,Cho,BeryL,C_117
41249,Alexey,Trufanov,0nuqtive,C_186
41259,Keiron,Prescott,Scoom,C_086
41414,Qing Song,Liu,Crisp,C_044
41753,Eddie,Lui,Seohyun,C_037
42209,Xu,Qiulin,guxue,C_044
42667,Tae-seong,Jeong,ANAMO,C_117
42669,Min Seok,Kwon,AimGod,C_117
42786,Sung Hyeon,Bang,JJoNak,C_117
42796,Min Seo,Hwang,Marve1,C_117
42876,Mehmood Amin,Askar,Moody,C_037
42891,Jun Geun,Kim,Rapel,C_117
42893,Eui Seok,Lee,Fearless,C_117
42942,Min Soo,Seo,SeoMinSoo,C_117
43043,Mike,Eichner,Ike,C_241
43167,Su Min,Kim,SADO,C_117
43752,Jae Hyun,Han,SexyPIG,C_117
43754,Kyung Chul,Oh,style,C_117
43755,Jeong Wan,Go,ESTH3R,C_117
43782,-,-,Leaoh,C_044
43794,Juwei,Wu,XiaoT,C_044
43797,Romain,Hermann,Shiv,C_075
43800,Kevin,Linn,Miccoy,C_241
43801,Magno,Ramos,Pr0phie,C_176
43805,Diondre,Bond,YaBoiDre,C_241
43806,Luke,Laing,Meluke,C_037
43807,Samu,Kauppinen,Sambty,C_073
43808,Anssi,Pekkonen,mxey,C_073
43809,Jere,Kauppinen,Jembty,C_073
43810,Adrian,Blom,Haxete,C_217
43816,Ludvik,Jahnsen,Aitzy,C_165
43849,Tae Min,Kang,Taemin,C_117
43862,David,Tillberg,fuzzface,C_217
44114,Cong,Ding,Dy,C_044
44173,Daniel,Hathaway,FunnyAstro,C_236
44303,Klaivert,Dervishi,Teeqzy,C_018
44865,Arsenii,Ivanychev,ceh9,C_186
45403,Hyun Woo,Yoon,yoonroot,C_117
45408,-,-,BBABBO,C_117
45412,Young Hoon,Shim,Simsn,C_117
45584,Liangguang,Liao,xiaorong,C_044
45586,Yan,Wang,silentBT_,C_044
45682,-,-,Makne,C_117
45687,Jang Hwan,Seong,seongjang,C_117
45733,Hao,Yao,lionkk,C_044
45830,Wataru,Ishibashi,posesi,C_112
45851,Xiao Meng,Li,Liooon,C_044
45853,Jim,Eliassen,Jeemzz,C_165
45855,Jord,van Geldere,Ibiza,C_151
46761,-,-,Menteul,C_117
46776,Do-hoon,Seol,indigo,C_117
46828,Myeong Hwan,Yoo,smurf,C_117
46854,Michael,Luker,Luker,C_037
47080,Sato,Kenta,glory,C_112
47123,Blake,Scott,Gator,C_241
47151,Gil Do,Lee,Temeria,C_117
47221,Sung Jun,Kim,SLIME,C_117
47237,Young Wan,Kim,Creative,C_117
47413,Jinhai,Zhang,xiaohaixxxx,C_044
47416,Xin,Wang,ZGGO1,C_044
47489,Vadim,Ulshin,POKAMOLODOY,C_186
47491,Justin,McNally,MiracU,C_107
47492,Laurynas,Rudys,Gaxy,C_127
47493,Alex,Gouge,vard,C_236
47494,Mathias,Larsen,Larsen,C_060
47728,Zakarya,Hail,xBlyzes,C_075
48122,Boyuan,Wang,Wang88,C_044
48124,Xin-hao,Pan,BaoLeiNB,C_044
48125,Pengcheng,Wang,jiaozhu,C_044
48134,-,-,LinShuNN,C_044
48307,Kurtis,Bond,Purdy,C_241
48322,Jeong Yeong,Bak,Loki,C_117
48323,Min Ki,Kim,Chelator,C_117
48377,Damien,Valliant,Dahmien7,C_075
48695,Gustav,Bl¯nd,GustavQQ,C_060
48868,Ben,Wheeler,Nerf,C_241
48874,Michael,Wake,mykLe,C_236
48875,Jace,Patras,Voxsic,C_241
48882,Timothy,Ebarb,Uncivil,C_241
48931,Roman,Zinoviev,ADOUZ1E,C_186
48935,Magnus,Hartmann,udyRR,C_084
48938,Ren√©,Rehling,Braexco,C_084
49029,Sanjar,Kuliev,SANJI,C_245
49144,Yu-Ze,Sun,CPT,C_044
49164,Simone,Liguori,Leta,C_109
49179,Martin,PrÍte,Zhym,C_075
49455,Hwan,Jang,Hwan2da,C_117
49460,Seung Sun,Lee,shadow,C_117
49559,Duong,Huynh,Kinstaar,C_006
49561,Corentin,Tardif,Hunter,C_075
49566,Cl√©ment,Danglot,Skite,C_075
49578,Nicolas,Frejavise,Nikof,C_075
49801,Kang,Wang,shou,C_044
49802,Jiang Hua,Chen,shox,C_044
49806,-,-,Tide,C_044
49822,Dennis,Lepore,Cloakzy,C_241
49841,Victor,Lopez,TheVic,C_075
49845,Maxime,Thomas,Blax,C_075
49868,Pierre,Mesey,Vato,C_006
49923,Thomas,Mulligan,72hrs,C_241
49925,Jake,Brumleve,Poach,C_241
49926,Ryan,Chaplo,Chap,C_241
50050,Logan,Heckman,Zanpah,C_241
50052,Daniel,Hernandez,Sharpshothd,C_056
50102,Jake,Winant,Snakers,C_241
50167,Patrick,Kaplan,PAT KAPS,C_241
50319,Min Ki,Park,Viol2t,C_117
50325,Min Chul,Kim,Izayaki,C_117
50327,Jae Min,Park,ILLICIT,C_117
50329,Seon Chang,Lee,ANS,C_117
50364,Bo Hyun,Kim,YaKK,C_117
50402,Jong Ho,Lee,Starlord,C_117
50405,Rak Gwon,Chung,Hulk,C_117
50410,-,-,DG98,C_117
50421,Kyle,Jackson,Mongraal,C_236
50422,Domeniks,Bunts,Domentos,C_123
50877,Yashima,Nozomi,Alutemu,C_112
50884,Zong Chang,Wu,BloodTrail,C_045
51125,Thierry,Kaltenback,Kaymind,C_037
51402,H?u ?o‡n,Nguy?n,Leviz,C_205
51535,Jong Su,Lee,Peterpan,C_117
51578,Williams,Aubin,Zayt,C_037
51579,Noah,Wright,Vivid,C_241
51581,Mason,Lanier,Symfuhny,C_241
51592,Liam,Fillery,Kamo,C_084
51593,Artur,Kurshin,7ssk7,C_034
51594,Adam,Boyer-DrÊby,Boyer,C_060
51611,Dmitri,Van de Vrie,Mitr0,C_151
51618,Malachi,Greiner,Reverse2k,C_241
51619,Aydan,Conrad,Aydan,C_241
51774,√ñmer,Develi,Iroh,C_228
51883,Rocco,Morales,Saf,C_241
51884,Dylan,Moore,Dmo,C_241
51885,Hayden,Krueger,Elevate,C_241
51908,Yan,Kaur,Fwexy,C_186
51909,Patrik,Zaharchenko,Pate1k,C_165
51924,Sven,Edelenbosch,Svennoss,C_151
51936,Timothy,Miller,Bizzle,C_241
51940,Davis,McClellan,Ceice,C_241
51948,Nate,Kou,Kreo,C_100
51973,David,Bois,LeNain,C_037
52283,Anthony,Waller,Tendons,C_241
52287,Jamal,Saidayev,Jamside,C_186
52321,Anthony,Colandro,ZexRow,C_241
52428,Nate,Hill,Nate Hill,C_241
52429,Trevor,Siegler,FunkBomb,C_241
52467,Blaû,Leönik,K1nzell,C_206
52500,Hee Su,Jeong,Heesu,C_117
53744,Austin,Etue,Morgausse,C_241
53745,Sean,Close,Sean,C_037
53797,Zheng,Wu,Forever,C_044
53970,-,-,Chichi,C_045
53971,-,-,Genji,C_045
53972,-,-,Hanzo,C_045
53973,-,-,Liang,C_045
53974,-,-,Sirenia,C_045
53975,-,-,Lulala,C_045
53976,-,-,PS Man,C_205
53977,Xu‚n B·ch,Tr?n,XB,C_205
53981,Quang Hi?p,Tr?n,ProE,C_205
53986,H?ng Qu‚n,Ph?m,Gau,C_205
53995,Sun Woo,Kim,Sun,C_117
53996,Ho Yeon,Lee,Rush,C_117
53997,Hyung Min,Kim,Chaser,C_117
53998,Chang Hoon,Shin,JJak,C_117
53999,Do Yeop,Kim,HAK,C_117
54011,Sirichai,Sukpan,ReMix,C_221
54012,Denchai,Eampaojeen,JameCo,C_221
54013,Chou,Chung,Yuzon,C_045
54014,Chun Sheng,Chang,Neil,C_045
54015,Nsu Yu,Lin,Star,C_045
54016,Chien Ting,Chen,Benny,C_045
54030,Matt,Stover,Mts,C_241
54034,Piyapong,Proathaisong,Taoz,C_221
54450,Chanapol,Siri,Sky,C_221
54454,Siwa,Noomai,JOMWick,C_221
54458,Eikapong,Korhonen,Tony,C_221
54656,Emil,Bergquist Pedersen,Nyhrox,C_165
54842,Nick,McGuire,Aspect,C_241
55138,Thomas,Hˆrak,Tschiiinken,C_012
55139,Dave,Jong,Rojo,C_151
55243,Howard,Castiaux,Noward,C_018
55316,Chuan,Yu,Summer,C_044
55685,-,-,Dongdong,C_044
55703,Jae Gon,Lee,LeeJaeGon,C_117
55949,Jack,-,Cizzorz,C_241
55994,Vinny,Gilgan,Vinny,C_241
56301,Alexander,Zayedli,Znappy,C_217
56302,Felix,Hortlund,Wakie,C_217
56483,Kyle,Giersdorf,Bugha,C_241
56684,Aaron,Lommen,aLOW,C_241
56720,Seung Hoon,Cha,Pio,C_117
56731,Jia Hao,Bai,369,C_044
56863,Nathan,Berquignol,Nayte,C_075
56925,Mark,Danilov,Letw1k3,C_186
56973,-,-,067QAQ,C_044
57034,Jordan,Tucker,Tuckz,C_236
57084,Lassi,Kallio,BELAEU,C_073
57262,Dong Eon,Kim,Fits,C_117
57401,Andrey,Ionov,Bestoloch,C_186
57463,Klaus,Konstanzer,stompy,C_012
57599,Mack,Aesoph,MackWood,C_241
57610,Evan,Barron,Cented,C_037
57614,Daniel,Walsh,Dubs,C_241
57617,River,Handley,Riversan,C_241
59528,David,Wang,Aqua,C_012
59915,Geon Bu,Kim,Canyon,C_117
59916,Su,Heo,ShowMaker,C_117
60103,Do-hyun,Kim,Daengchae,C_117
60412,-,-,NingZhi,C_044
60413,-,-,JiuLong,C_044
60414,-,-,JiuC,C_044
60415,-,-,ChenXia,C_044
60416,-,-,ZuiChu,C_044
60417,Yunfei,Peng,Fly,C_044
60418,Shengqqin,Xia,Hurt,C_044
60420,-,-,Song,C_044
60430,-,-,KOKO,C_044
60434,-,-,770,C_044
60436,-,-,Sweet,C_117
60437,-,-,Core,C_117
60438,-,-,JY,C_117
60439,-,-,YK,C_117
60450,Ting Jui,Chen,Winds,C_045
60451,Duc Chien,Tran,ADC,C_205
60452,Ti·∫øn ƒê·∫°t,ƒêinh,ƒê·∫°tK√≤iii,C_205
60453,Methus,Meechom,Nt,C_221
60454,Parit,Pornrattanapitak,Difoxn,C_221
60455,Metasit,Leelapipatkul,Moowan,C_221
60456,Sorachat,Janechaijitravanit,Getsrch,C_221
60462,Chi Kang,Chuang,XiXi,C_045
60463,Hsing Cheng,Lu,Heroes,C_045
60464,Sung Lin,Hsieh,Wayn,C_045
60466,-,-,Snow,C_044
60467,Zhengzheng,Chen,Cat,C_044
60468,-,-,YANG,C_044
60485,Tianlong,Wang,Alan,C_044
60565,Guixin,Guo,NuoYan,C_044
60570,-,-,ÂÖ≠ÁÇπÂÖ≠,C_044
60571,-,-,Â∞èÂÖΩ,C_044
60572,-,-,Â∞èÂâë,C_044
60573,-,-,Â±ÖÂ±Ö,C_044
60945,Pontus,Bucht,Tchub,C_217
60950,Zygimantas,Navickas,Redrush,C_127
61171,Martin,Foss,MrSavage,C_165
61233,Alexandre,Christophe,Andilex,C_075
61243,Benjy David,Fish,BenjyFishy,C_236
61277,Josh,Roach,Commandment,C_241
61315,Mike,Gariti,Sharky,C_241
61319,Tristan,Nowicky,Shrimzy,C_241
61414,Calum,MacGillivray,itemm,C_236
61463,Guan,Zhendong,Jing,C_044
61464,-,-,Yueying,C_044
61626,Dominick,Green,Unknown,C_241
61769,Noam,Ackenine,Megga,C_241
61776,Ben,Peterson,Edgey,C_241
61777,Julio Cesar,Nevarez,Pika,C_241
61896,Thiago,Lapp,kinG,C_010
61948,Shane,Cotton,EpikWhale,C_241
62071,Jonas Colk√¶r,Thomsen,Klusia,C_060
62105,Cody,Conrod,Clix,C_241
62314,Theo,Ferrer,Crue,C_217
62624,Moussa,Faour,Chapix,C_217
62951,Diego,Lima,Arkhram,C_241
62999,Fabian,Real,Derox,C_084
63544,Jannis,Matwin,JannisZ,C_084
63566,Katanyu,Chinsorranan,DUCKMANZ,C_221
63746,Brendan,Falconer,Falconer,C_241
64190,Kevin,Fedjuschkin,Letshe,C_084
64298,Jonathan,Weber,yung calculator,C_241
65087,-,-,4DRStorm,C_241
65114,Tyler,-,hiimtylerh,C_037
65115,Stephan,-,Suezhoo,C_018
65116,-,-,Zand,C_060
65470,-,-,Furious,C_241
65746,William,Paquin-Brien,Fatch,C_037
66526,-,-,DouM,C_044
66527,-,-,DJBOY,C_044
66611,Endre,Byre,Endretta,C_165
66881,Luke,Newey,Luke12,C_011
67334,Jaden,Ashman,Wolfiez,C_236
68648,-,-,BLUENOPING,C_221
68651,-,-,Nutalomlok,C_221
69544,Bohang,Li,JiaoYang,C_044
69545,Qicheng,Chen,BoLiang,C_044
69546,Xin,Lin,L1nnnn,C_044
69547,Ruilong,Deng,LongSkr,C_044
69659,-,-,Munez,C_221
69797,-,-,139,C_044
70307,-,-,Ë°åÊòü,C_044
70308,-,-,ËΩªÈõ®,C_044
70309,-,-,‰πÖÈæô,C_044
70310,-,-,ÂåóÂ≤õ,C_044
70311,-,-,ÊöÆËâ≤,C_044
70312,-,-,‰πÖËØö,C_044
70313,-,-,ÊúàËâ≤,C_044
70314,-,-,Êü†Ê†Ä,C_044
70315,-,-,ÊúÄÂàù,C_044
70316,-,-,Â∞òÂ§è,C_044
70317,-,-,ÈòøÂèØ,C_044
70343,-,-,Rain,C_045
70610,Siyuan,Luo,HuaHai,C_044
70611,Cong,Zhang,Wuming,C_044
70622,-,-,Giao,C_044
71040,Jack,Bancroft,DeadDraw,C_236
73839,Daying,Wei,xxxLu,C_044
74025,Do-gyeong,Kim,DoYa,C_117
75020,Aum,Chatchanapong,Happy,C_221
78046,-,-,Mojo,C_044
78151,-,-,Xuan,C_132
78152,-,-,Chen,C_044
78285,Satittirat,Chetnarong,Overfly,C_221
79579,Pakkapon,Saethong,IpodPro,C_221
79580,Pasu,Yensabai,Erez,C_221
80697,Thomas,Davidsen,Th0masHD,C_060
80698,Tai,Star?i?,TaySon,C_206
83083,Yu-Yan,Su,GaDuo,C_045
83084,Tseng-Yung,Chun,Kato,C_045
83085,En Hao,Chen,Gua,C_045
